"name","price","positive_ratings","negative_ratings","total_reviews","approval_rate_pct"
"Portal 2",7.19,138220,1891,140111,98.65
"Factorio",21.00,47918,723,48641,98.51
"One Finger Death Punch",3.99,14181,256,14437,98.23
"Iron Snout",0.00,13889,277,14166,98.04
"OneShot",6.99,10985,220,11205,98.04
"Portal",7.19,51801,1080,52881,97.96
"A Hat in Time",22.99,14019,292,14311,97.96
"RimWorld",27.79,38556,857,39413,97.83
"Eternal Senia",0.00,10106,227,10333,97.80
"The Witcher® 3: Wild Hunt",24.99,202930,4798,207728,97.69
