"single_genre","rank_in_genre","name","average_playtime"
"Action",1,"Boundless",55204
"Action",2,"Darkstone",27375
"Action",3,"Warp Rider",25324
"Indie",1,"The Banner Saga: Factions",95245
"Indie",2,"The Secret of Tremendous Corporation",95242
"Indie",3,"PRICE",63481
"RPG",1,"The Banner Saga: Factions",95245
"RPG",2,"Boundless",55204
"RPG",3,"Shroud of the Avatar: Forsaken Virtues",54618
"Simulation",1,"X-Plane 11",44169
"Simulation",2,"懒人修仙传",43632
"Simulation",3,"Trivia Vault: Science & History Trivia",25322
"Strategy",1,"The Banner Saga: Factions",95245
"Strategy",2,"Fantasy Grounds",43074
"Strategy",3,"Screeps",38805
